{
  "resources": [
    {
      "id": "2d2f3db9-faeb-4ac3-99cc-8e9069553af4",
      "meta": {
        "version": 0,
        "created": "2017-12-24T22:15:39.000Z",
        "lastModified": "2017-12-24T22:15:39.000Z"
      },
      "userName": "foo3",
      "name": {
        "familyName": "foo3",
        "givenName": "foo3"
      },
      "emails": [
        {
          "value": "foo3@foo.com",
          "primary": true
        }
      ],
      "active": true,
      "verified": true,
      "origin": "uaa",
      "zoneId": "uaa",
      "passwordLastModified": "2017-12-24T22:15:39.000Z",
      "schemas": [
        "urn:scim:schemas:core:1.0"
      ]
    },
    {
      "id": "85f2ddca-2c55-4f2f-8497-16897b8bf2a5",
      "meta": {
        "version": 0,
        "created": "2017-12-24T22:15:45.000Z",
        "lastModified": "2017-12-24T22:15:45.000Z"
      },
      "userName": "foo4",
      "name": {
        "familyName": "foo4",
        "givenName": "foo4"
      },
      "emails": [
        {
          "value": "foo4@foo.com",
          "primary": true
        }
      ],
      "active": true,
      "verified": true,
      "origin": "uaa",
      "zoneId": "uaa",
      "passwordLastModified": "2017-12-24T22:15:45.000Z",
      "schemas": [
        "urn:scim:schemas:core:1.0"
      ]
    }
  ],
  "startIndex": 7,
  "itemsPerPage": 3,
  "totalResults": 8,
  "schemas": [
    "urn:scim:schemas:core:1.0"
  ]
}
