{
  "resources": [
    {
      "id": "be52c0df-889b-4e6f-8ca1-d42a6a75f84b",
      "meta": {
        "version": 0,
        "created": "2017-12-24T22:15:27.000Z",
        "lastModified": "2017-12-24T22:15:27.000Z"
      },
      "userName": "foo",
      "name": {
        "familyName": "foo",
        "givenName": "foo"
      },
      "emails": [
        {
          "value": "foo@foo.com",
          "primary": true
        }
      ],
      "active": true,
      "verified": true,
      "origin": "uaa",
      "zoneId": "uaa",
      "passwordLastModified": "2017-12-24T22:15:27.000Z",
      "schemas": [
        "urn:scim:schemas:core:1.0"
      ]
    },
    {
      "id": "73c000c1-b3de-4cca-85d4-13089bc61550",
      "meta": {
        "version": 0,
        "created": "2017-12-24T22:15:31.000Z",
        "lastModified": "2017-12-24T22:15:31.000Z"
      },
      "userName": "foo1",
      "name": {
        "familyName": "foo1",
        "givenName": "foo1"
      },
      "emails": [
        {
          "value": "foo1@foo.com",
          "primary": true
        }
      ],
      "active": true,
      "verified": true,
      "origin": "uaa",
      "zoneId": "uaa",
      "passwordLastModified": "2017-12-24T22:15:31.000Z",
      "schemas": [
        "urn:scim:schemas:core:1.0"
      ]
    },
    {
      "id": "bd7e38bb-d101-437f-a7be-ed5273f57adf",
      "meta": {
        "version": 0,
        "created": "2017-12-24T22:15:36.000Z",
        "lastModified": "2017-12-24T22:15:36.000Z"
      },
      "userName": "foo2",
      "name": {
        "familyName": "foo2",
        "givenName": "foo2"
      },
      "emails": [
        {
          "value": "foo2@foo.com",
          "primary": true
        }
      ],
      "active": true,
      "verified": true,
      "origin": "uaa",
      "zoneId": "uaa",
      "passwordLastModified": "2017-12-24T22:15:36.000Z",
      "schemas": [
        "urn:scim:schemas:core:1.0"
      ]
    }
  ],
  "startIndex": 4,
  "itemsPerPage": 3,
  "totalResults": 8,
  "schemas": [
    "urn:scim:schemas:core:1.0"
  ]
}
